Customer ID,Status,Customer Level
CUS-1471650,Onboarding,Enterprise
CUS-1087300,Churn,Semi-Enterprise
CUS-230550,Churn,Long-tail
CUS-1470950,Retained,Enterprise
CUS-1526100,Retained,Semi-Enterprise
CUS-1507900,Churn,Long-tail
CUS-1430550,Retained,Semi-Enterprise
CUS-484050,Churn,Long-tail
CUS-1485600,Retained,Enterprise
CUS-1479150,Churn,Enterprise
CUS-1485450,Churn,Enterprise
CUS-1485500,Churn,Enterprise
CUS-1548450,Retained,Enterprise
CUS-1521000,Retained,Long-tail
CUS-1513350,Retained,Enterprise
CUS-429950,Churn,Enterprise
CUS-343100,Churn,Long-tail
CUS-445700,Churn,Long-tail
CUS-1497700,Onboarding,Enterprise
CUS-1459650,Churn,Long-tail
CUS-1490400,Retained,Semi-Enterprise
CUS-1514100,Retained,Semi-Enterprise
CUS-1468500,Retained,Long-tail
CUS-1530300,Retained,Long-tail
CUS-1455050,Churn,Semi-Enterprise
CUS-1487050,Retained,Semi-Enterprise
CUS-1482350,Retained,Enterprise
CUS-1434900,Retained,Long-tail
CUS-5452900,Churn,Long-tail
CUS-1435400,Retained,Long-tail
CUS-1554450,Onboarding,Enterprise
CUS-552050,Churn,Long-tail
CUS-542600,Churn,Long-tail
CUS-289800,Churn,Enterprise
CUS-355050,Retained,Enterprise
CUS-1451500,Retained,Enterprise
CUS-1399350,Churn,Long-tail
CUS-826800,Churn,Enterprise
CUS-759650,Churn,Semi-Enterprise
CUS-1097250,Churn,Enterprise
CUS-1454500,Churn,Long-tail
CUS-1489100,Retained,Enterprise
CUS-1589350,Retained,Semi-Enterprise
CUS-1396700,Churn,Semi-Enterprise
CUS-957200,Churn,Enterprise
CUS-527200,Churn,Enterprise
CUS-332600,Churn,Long-tail
CUS-383850,Churn,Enterprise
CUS-1520400,Retained,Enterprise
CUS-1517150,Retained,Long-tail
CUS-205000,Churn,Long-tail
CUS-1520650,Retained,Enterprise
CUS-1464300,Churn,Long-tail
CUS-150500,Retained,Enterprise
CUS-152900,Retained,Enterprise
CUS-1551100,Onboarding,Enterprise
CUS-1575550,Onboarding,Semi-Enterprise
CUS-1523550,Retained,Enterprise
CUS-1161800,Churn,Enterprise
CUS-183300,Retained,Semi-Enterprise
CUS-1478900,Retained,Long-tail
CUS-1160350,Churn,Enterprise
CUS-350250,Churn,Long-tail
CUS-1497450,Retained,Semi-Enterprise
CUS-158950,Churn,Long-tail
CUS-1458050,Churn,Semi-Enterprise
CUS-1456200,Retained,Enterprise
CUS-1485400,Retained,Long-tail
CUS-703550,Churn,Semi-Enterprise
CUS-534000,Churn,Long-tail
CUS-154450,Churn,Enterprise
CUS-1481250,Churn,Enterprise
CUS-159850,Retained,Semi-Enterprise
CUS-1570500,Retained,Semi-Enterprise
CUS-175100,Churn,Long-tail
CUS-1491900,Retained,Semi-Enterprise
CUS-387950,Churn,Long-tail
CUS-1455350,Churn,Long-tail
CUS-1489250,Retained,Semi-Enterprise
CUS-1516200,Retained,Semi-Enterprise
CUS-1445650,Retained,Enterprise
CUS-1573650,Retained,Enterprise
CUS-1589700,Retained,Enterprise
CUS-1528550,Onboarding,Enterprise
CUS-706700,Churn,Semi-Enterprise
CUS-1489400,Retained,Semi-Enterprise
CUS-1501100,Retained,Enterprise
CUS-1559050,Retained,Enterprise
CUS-1497250,Churn,Enterprise
CUS-1528350,Onboarding,Enterprise
CUS-1481050,Retained,Semi-Enterprise
CUS-1481600,Onboarding,Semi-Enterprise
CUS-845700,Retained,Long-tail
CUS-1510450,Churn,Enterprise
CUS-1559300,Retained,Semi-Enterprise
CUS-570900,Churn,Semi-Enterprise
CUS-476900,Retained,Enterprise
CUS-1481750,Retained,Long-tail
CUS-168600,Churn,Long-tail
CUS-309400,Churn,Long-tail
CUS-152150,Churn,Enterprise
CUS-175150,Churn,Long-tail
CUS-175250,Churn,Long-tail
CUS-175200,Churn,Long-tail
CUS-1511700,Churn,Long-tail
CUS-1442100,Retained,Semi-Enterprise
CUS-1607850,Retained,Semi-Enterprise
CUS-1575050,Onboarding,Long-tail
CUS-783250,Retained,Enterprise
CUS-1328050,Churn,Semi-Enterprise
CUS-1450800,Churn,Semi-Enterprise
CUS-372100,Retained,Enterprise
CUS-1515900,Retained,Long-tail
CUS-1493700,Retained,Semi-Enterprise
CUS-1494100,Retained,Long-tail
CUS-160250,Retained,Enterprise
CUS-259600,Churn,Long-tail
CUS-1454050,Retained,Enterprise
CUS-157650,Churn,Long-tail
CUS-1460000,Churn,Semi-Enterprise
CUS-1487700,Retained,Enterprise
CUS-397600,Churn,Long-tail
CUS-401300,Churn,Long-tail
CUS-927800,Retained,Enterprise
CUS-552650,Retained,Long-tail
CUS-609850,Churn,Enterprise
CUS-1567800,Onboarding,Semi-Enterprise
CUS-1538850,Onboarding,Enterprise
CUS-385900,Churn,Long-tail
CUS-552600,Retained,Semi-Enterprise
CUS-161850,Churn,Long-tail
CUS-1496400,Retained,Enterprise
CUS-1441150,Churn,Long-tail
CUS-1577150,Onboarding,Long-tail
CUS-165050,Churn,Long-tail
CUS-1459850,Churn,Semi-Enterprise
CUS-1560950,Onboarding,Enterprise
CUS-796350,Retained,Long-tail
CUS-1507050,Churn,Long-tail
CUS-1507100,Churn,Long-tail
CUS-1507150,Churn,Long-tail
CUS-1056600,Churn,Enterprise
CUS-1437150,Retained,Long-tail
CUS-1502300,Retained,Enterprise
CUS-175300,Churn,Long-tail
CUS-1600450,Onboarding,Enterprise
CUS-1077950,Churn,Long-tail
CUS-1077850,Churn,Long-tail
CUS-908950,Retained,Enterprise
CUS-1078000,Churn,Semi-Enterprise
CUS-1515050,Retained,Semi-Enterprise
CUS-1031550,Churn,Long-tail
CUS-175350,Churn,Long-tail
CUS-1250100,Churn,Semi-Enterprise
CUS-320250,Churn,Long-tail
CUS-505000,Retained,Semi-Enterprise
CUS-1272750,Churn,Long-tail
CUS-753900,Churn,Enterprise
CUS-150550,Churn,Long-tail
CUS-277800,Retained,Semi-Enterprise
CUS-166050,Retained,Semi-Enterprise
CUS-1436600,Retained,Semi-Enterprise
CUS-1497650,Retained,Enterprise
CUS-162250,Churn,Long-tail
CUS-1063550,Churn,Long-tail
CUS-1487650,Churn,Long-tail
CUS-793200,Churn,Enterprise
CUS-5604300,Onboarding,Enterprise
CUS-334000,Churn,Long-tail
CUS-1019500,Retained,Enterprise
CUS-378850,Retained,Semi-Enterprise
CUS-1503950,Retained,Semi-Enterprise
CUS-1453650,Retained,Semi-Enterprise
CUS-317600,Churn,Long-tail
CUS-1598950,Onboarding,Semi-Enterprise
CUS-1201450,Churn,Long-tail
CUS-329450,Retained,Enterprise
CUS-703450,Retained,Enterprise
CUS-703500,Retained,Enterprise
CUS-703400,Retained,Enterprise
CUS-1501200,Retained,Long-tail
CUS-550150,Churn,Long-tail
CUS-1324000,Churn,Long-tail
CUS-370200,Onboarding,Semi-Enterprise
CUS-180400,Churn,Long-tail
CUS-828400,Retained,Enterprise
CUS-1281200,Churn,Long-tail
CUS-1492050,Retained,Long-tail
CUS-1468800,Retained,Long-tail
CUS-1234250,Retained,Enterprise
CUS-152400,Churn,Long-tail
CUS-565500,Retained,Enterprise
CUS-1103750,Retained,Enterprise
CUS-5604250,Onboarding,Semi-Enterprise
CUS-1056650,Churn,Enterprise
CUS-732750,Retained,Enterprise
CUS-1498300,Churn,Semi-Enterprise
CUS-1474750,Churn,Long-tail
CUS-927750,Churn,Semi-Enterprise
CUS-1565050,Onboarding,Long-tail
CUS-927700,Retained,Enterprise
CUS-1573900,Onboarding,Enterprise
CUS-1446950,Churn,Long-tail
CUS-160200,Retained,Enterprise
CUS-5600750,Onboarding,Enterprise
CUS-583300,Churn,Long-tail
CUS-1444600,Retained,Semi-Enterprise
CUS-1516850,Churn,Enterprise
CUS-1521100,Churn,Enterprise
CUS-230500,Retained,Semi-Enterprise
CUS-1088650,Churn,Semi-Enterprise
CUS-236800,Retained,Enterprise
CUS-547850,Churn,Long-tail
CUS-674700,Churn,Long-tail
CUS-224800,Retained,Long-tail
CUS-158900,Churn,Long-tail
CUS-1484900,Churn,Long-tail
CUS-1280200,Churn,Semi-Enterprise
CUS-346400,Retained,Long-tail
CUS-224850,Churn,Long-tail
CUS-273900,Churn,Long-tail
CUS-701050,Retained,Long-tail
CUS-156550,Churn,Long-tail
CUS-547900,Churn,Long-tail
CUS-1149100,Retained,Enterprise
CUS-312250,Churn,Long-tail
CUS-440800,Retained,Long-tail
CUS-498000,Churn,Long-tail
CUS-531400,Churn,Long-tail
CUS-1509600,Churn,Long-tail
CUS-165100,Churn,Long-tail
CUS-199700,Churn,Enterprise
CUS-834200,Churn,Long-tail
CUS-1261350,Churn,Long-tail
CUS-1568050,Onboarding,Semi-Enterprise
CUS-166650,Churn,Long-tail
CUS-1517050,Retained,Semi-Enterprise
CUS-234900,Churn,Long-tail
CUS-1541700,Onboarding,Enterprise
CUS-1539300,Onboarding,Enterprise
CUS-1539350,Onboarding,Enterprise
CUS-1486250,Churn,Semi-Enterprise
CUS-578400,Retained,Enterprise
CUS-1552200,Onboarding,Enterprise
CUS-1326000,Churn,Long-tail
CUS-156350,Churn,Long-tail
CUS-155350,Retained,Enterprise
CUS-1600300,Retained,Enterprise
CUS-1449100,Retained,Semi-Enterprise
CUS-1588050,Retained,Semi-Enterprise
CUS-467600,Churn,Long-tail
CUS-507000,Churn,Long-tail
CUS-155850,Retained,Semi-Enterprise
CUS-547550,Retained,Enterprise
CUS-513750,Churn,Enterprise
CUS-1552950,Onboarding,Enterprise
CUS-349050,Retained,Enterprise
CUS-1290050,Retained,Enterprise
CUS-1478100,Retained,Long-tail
CUS-1521050,Churn,Enterprise
CUS-174350,Churn,Long-tail
CUS-1606400,Onboarding,Semi-Enterprise
CUS-1456350,Churn,Semi-Enterprise
CUS-1467050,Churn,Long-tail
CUS-1476450,Retained,Long-tail
CUS-1476150,Retained,Semi-Enterprise
CUS-672900,Retained,Long-tail
CUS-1585500,Retained,Semi-Enterprise
CUS-739750,Churn,Long-tail
CUS-158850,Retained,Enterprise
CUS-1467900,Churn,Enterprise
CUS-1584400,Onboarding,Enterprise
CUS-245150,Churn,Long-tail
CUS-986100,Retained,Enterprise
CUS-1502900,Retained,Enterprise
CUS-1441450,Churn,Enterprise
CUS-1495550,Churn,Enterprise
CUS-561350,Churn,Long-tail
CUS-153000,Churn,Long-tail
CUS-1514550,Retained,Enterprise
CUS-751350,Churn,Semi-Enterprise
CUS-1441700,Retained,Enterprise
CUS-907950,Retained,Enterprise
CUS-404250,Churn,Long-tail
CUS-1493050,Retained,Semi-Enterprise
CUS-166000,Churn,Long-tail
CUS-1494150,Retained,Enterprise
CUS-1456750,Retained,Enterprise
CUS-304350,Churn,Long-tail
CUS-1497800,Onboarding,Enterprise
CUS-270200,Churn,Long-tail
CUS-1475350,Churn,Enterprise
CUS-337900,Retained,Enterprise
CUS-1483500,Churn,Long-tail
CUS-499600,Churn,Long-tail
CUS-1485650,Churn,Semi-Enterprise
CUS-1188300,Churn,Enterprise
CUS-608550,Churn,Long-tail
CUS-1580550,Onboarding,Enterprise
CUS-1494000,Retained,Enterprise
CUS-1456800,Churn,Semi-Enterprise
CUS-1465200,Retained,Enterprise
CUS-734450,Churn,Long-tail
CUS-1267350,Retained,Semi-Enterprise
CUS-1267450,Churn,Semi-Enterprise
CUS-1267400,Churn,Long-tail
CUS-1569700,Onboarding,Semi-Enterprise
CUS-1569750,Onboarding,Semi-Enterprise
CUS-1468200,Retained,Enterprise
CUS-1535100,Onboarding,Long-tail
CUS-1487450,Churn,Semi-Enterprise
CUS-198350,Churn,Enterprise
CUS-1464150,Churn,Enterprise
CUS-1102150,Retained,Long-tail
CUS-1579000,Onboarding,Long-tail
CUS-1480550,Retained,Semi-Enterprise
CUS-1492200,Churn,Long-tail
CUS-1569550,Onboarding,Enterprise
CUS-1521500,Retained,Semi-Enterprise
CUS-503800,Churn,Semi-Enterprise
CUS-329000,Retained,Enterprise
CUS-1437350,Churn,Semi-Enterprise
CUS-1601250,Onboarding,Enterprise
CUS-1460150,Retained,Enterprise
CUS-1471550,Churn,Long-tail
CUS-1481850,Churn,Enterprise
CUS-1478150,Churn,Semi-Enterprise
CUS-476500,Retained,Enterprise
CUS-343000,Churn,Long-tail
CUS-596050,Churn,Enterprise
CUS-1510950,Churn,Long-tail
CUS-591000,Retained,Long-tail
CUS-160100,Churn,Long-tail
CUS-5617700,Onboarding,Long-tail
CUS-1517800,Retained,Semi-Enterprise
CUS-923850,Churn,Long-tail
CUS-1587550,Retained,Long-tail
CUS-1466750,Churn,Semi-Enterprise
CUS-556900,Retained,Enterprise
CUS-1559500,Retained,Enterprise
CUS-1496900,Retained,Enterprise
CUS-879150,Churn,Long-tail
CUS-1442200,Churn,Long-tail
CUS-1333000,Churn,Long-tail
CUS-477000,Churn,Long-tail
CUS-1471600,Retained,Enterprise
CUS-1486450,Retained,Enterprise
CUS-290550,Churn,Long-tail
CUS-1490450,Retained,Enterprise
CUS-1605600,Churn,Long-tail
CUS-1458100,Retained,Semi-Enterprise
CUS-165700,Churn,Long-tail
CUS-1042500,Churn,Long-tail
CUS-863700,Churn,Long-tail
CUS-885550,Churn,Long-tail
CUS-1607100,Onboarding,Enterprise
CUS-244950,Churn,Long-tail
CUS-236600,Churn,Long-tail
CUS-262450,Retained,Enterprise
CUS-1559900,Retained,Enterprise
CUS-1597400,Retained,Enterprise
CUS-1436200,Churn,Long-tail
CUS-1492450,Churn,Long-tail
CUS-1471400,Onboarding,Enterprise
CUS-1494300,Retained,Enterprise
CUS-1537800,Retained,Enterprise
CUS-1502700,Retained,Enterprise
CUS-1437050,Retained,Enterprise
CUS-1515700,Retained,Enterprise
CUS-1002400,Retained,Enterprise
CUS-1483050,Retained,Enterprise
CUS-656700,Churn,Enterprise
CUS-1456600,Retained,Long-tail
CUS-1500200,Retained,Enterprise
CUS-1520250,Retained,Semi-Enterprise
CUS-172850,Retained,Semi-Enterprise
CUS-424550,Retained,Enterprise
CUS-547400,Retained,Enterprise
CUS-1464850,Churn,Long-tail
CUS-349150,Retained,Enterprise
CUS-1447650,Retained,Enterprise
CUS-1447400,Churn,Long-tail
CUS-1553000,Onboarding,Enterprise
CUS-908900,Retained,Enterprise
CUS-1589750,Retained,Semi-Enterprise
CUS-156100,Churn,Enterprise
CUS-1233850,Churn,Semi-Enterprise
CUS-1502750,Retained,Enterprise
CUS-1497050,Retained,Enterprise
CUS-558150,Retained,Enterprise
CUS-1528600,Retained,Enterprise
CUS-1472200,Retained,Enterprise
CUS-5605550,Onboarding,Enterprise
CUS-607700,Retained,Enterprise
CUS-510050,Retained,Enterprise
CUS-476700,Retained,Enterprise
CUS-1490150,Churn,Long-tail
CUS-1467750,Retained,Enterprise
CUS-1552300,Retained,Semi-Enterprise
CUS-552000,Churn,Long-tail
CUS-1526000,Retained,Enterprise
CUS-843200,Churn,Long-tail
CUS-1446900,Retained,Enterprise
CUS-1441050,Retained,Enterprise
CUS-1441100,Retained,Enterprise
CUS-1478350,Retained,Semi-Enterprise
CUS-950700,Retained,Semi-Enterprise
CUS-285500,Churn,Long-tail
CUS-893950,Churn,Semi-Enterprise
CUS-1053700,Churn,Semi-Enterprise
CUS-1500450,Retained,Enterprise
CUS-1534450,Retained,Enterprise
CUS-262500,Churn,Long-tail
CUS-359950,Churn,Long-tail
CUS-360000,Churn,Long-tail
CUS-1598150,Onboarding,Long-tail
CUS-1478800,Churn,Semi-Enterprise
CUS-1490200,Onboarding,Enterprise
CUS-340500,Churn,Long-tail
CUS-724550,Retained,Enterprise
CUS-398050,Churn,Semi-Enterprise
CUS-1587000,Retained,Enterprise
CUS-1467950,Churn,Enterprise
CUS-1520850,Retained,Enterprise
CUS-1532500,Onboarding,Enterprise
CUS-1078200,Churn,Long-tail
CUS-1579850,Onboarding,Enterprise
CUS-1450700,Churn,Semi-Enterprise
CUS-1458200,Churn,Long-tail
CUS-418850,Churn,Long-tail
CUS-1286600,Retained,Enterprise
CUS-174450,Churn,Long-tail
CUS-1483600,Retained,Long-tail
CUS-508550,Churn,Semi-Enterprise
CUS-444950,Churn,Long-tail
CUS-600200,Churn,Semi-Enterprise
CUS-756850,Churn,Semi-Enterprise
CUS-576500,Churn,Semi-Enterprise
CUS-651350,Retained,Semi-Enterprise
CUS-1165050,Retained,Long-tail
CUS-1554800,Onboarding,Enterprise
CUS-1474700,Churn,Long-tail
CUS-1450550,Churn,Long-tail
CUS-303900,Retained,Enterprise
CUS-166800,Onboarding,Enterprise
CUS-1509500,Retained,Semi-Enterprise
CUS-1466500,Onboarding,Long-tail
CUS-325050,Churn,Semi-Enterprise
CUS-1500300,Retained,Enterprise
CUS-576050,Churn,Long-tail
CUS-159200,Retained,Enterprise
CUS-1521250,Retained,Enterprise
CUS-1483150,Retained,Long-tail
CUS-1337250,Retained,Long-tail
CUS-1552350,Onboarding,Semi-Enterprise
CUS-200350,Retained,Enterprise
CUS-1513300,Retained,Enterprise
CUS-1450500,Retained,Enterprise
CUS-1457450,Retained,Enterprise
CUS-1457500,Churn,Enterprise
CUS-187350,Churn,Long-tail
CUS-597900,Churn,Long-tail
CUS-1432700,Churn,Long-tail
CUS-1553050,Onboarding,Enterprise
CUS-1475250,Churn,Semi-Enterprise
CUS-159650,Churn,Long-tail
CUS-254300,Churn,Long-tail
CUS-606700,Churn,Long-tail
CUS-1441800,Churn,Long-tail
CUS-1288650,Churn,Enterprise
CUS-267900,Churn,Long-tail
CUS-246300,Retained,Long-tail
CUS-1507300,Retained,Enterprise
CUS-151100,Churn,Long-tail
CUS-190300,Retained,Semi-Enterprise
CUS-158700,Retained,Enterprise
CUS-1436850,Churn,Long-tail
CUS-1514050,Retained,Enterprise
CUS-1499900,Retained,Long-tail
CUS-1500400,Retained,Long-tail
CUS-161750,Churn,Enterprise
CUS-1493250,Churn,Semi-Enterprise
CUS-1474400,Churn,Semi-Enterprise
CUS-1588950,Onboarding,Enterprise
CUS-908150,Churn,Long-tail
CUS-1471050,Retained,Enterprise
CUS-1542450,Retained,Enterprise
CUS-197850,Churn,Enterprise
CUS-1473350,Churn,Long-tail
CUS-166600,Churn,Long-tail
CUS-1597000,Onboarding,Enterprise
CUS-646950,Churn,Long-tail
CUS-1172350,Retained,Enterprise
CUS-1488800,Retained,Enterprise
CUS-1488850,Retained,Enterprise
CUS-1531800,Retained,Long-tail
CUS-5600650,Retained,Long-tail
CUS-1461300,Churn,Long-tail
CUS-231100,Churn,Long-tail
CUS-1346850,Churn,Long-tail
CUS-1531000,Retained,Semi-Enterprise
CUS-1483550,Churn,Enterprise
CUS-1310400,Retained,Semi-Enterprise
CUS-169600,Churn,Long-tail
CUS-1179000,Churn,Long-tail
CUS-1533750,Retained,Enterprise
CUS-1589600,Onboarding,Long-tail
CUS-167000,Retained,Enterprise
CUS-174500,Churn,Long-tail
CUS-1461550,Retained,Semi-Enterprise
CUS-1509200,Onboarding,Long-tail
CUS-1606650,Onboarding,Enterprise
CUS-1606700,Onboarding,Enterprise
CUS-1606750,Onboarding,Enterprise
CUS-1602000,Onboarding,Enterprise
CUS-1606800,Onboarding,Enterprise
CUS-1606850,Onboarding,Enterprise
CUS-1516100,Onboarding,Long-tail
CUS-1443050,Churn,Long-tail
CUS-618050,Churn,Long-tail
CUS-1509900,Retained,Semi-Enterprise
CUS-1145350,Churn,Semi-Enterprise
CUS-412200,Churn,Enterprise
CUS-1511400,Retained,Semi-Enterprise
CUS-1325650,Churn,Semi-Enterprise
CUS-1492100,Retained,Semi-Enterprise
CUS-157450,Retained,Long-tail
CUS-1503150,Churn,Enterprise
CUS-796400,Retained,Enterprise
CUS-1574350,Onboarding,Enterprise
CUS-1500900,Retained,Enterprise
CUS-1536350,Onboarding,Enterprise
CUS-1434700,Churn,Long-tail
CUS-166450,Retained,Semi-Enterprise
CUS-801400,Churn,Long-tail
CUS-1516700,Retained,Enterprise
CUS-393100,Churn,Long-tail
CUS-1484950,Retained,Semi-Enterprise
CUS-1461000,Churn,Semi-Enterprise
CUS-1478200,Retained,Enterprise
CUS-790100,Churn,Long-tail
CUS-183550,Churn,Long-tail
CUS-335100,Churn,Long-tail
CUS-1461800,Retained,Enterprise
CUS-250350,Churn,Long-tail
CUS-1468700,Retained,Enterprise
CUS-199350,Churn,Long-tail
CUS-1141400,Churn,Long-tail
CUS-532950,Retained,Semi-Enterprise
CUS-1501300,Retained,Enterprise
CUS-596350,Retained,Enterprise
CUS-879300,Retained,Semi-Enterprise
CUS-1451650,Churn,Semi-Enterprise
CUS-561550,Retained,Enterprise
CUS-404600,Churn,Long-tail
CUS-1479700,Retained,Enterprise
CUS-155950,Retained,Semi-Enterprise
CUS-424400,Retained,Enterprise
CUS-1447200,Retained,Semi-Enterprise
CUS-1464900,Churn,Enterprise
CUS-291550,Churn,Enterprise
CUS-349000,Retained,Enterprise
CUS-1091300,Retained,Semi-Enterprise
CUS-1447250,Churn,Long-tail
CUS-1553100,Onboarding,Enterprise
CUS-417150,Retained,Enterprise
CUS-424450,Retained,Enterprise
CUS-197700,Churn,Long-tail
CUS-5604950,Onboarding,Long-tail
CUS-158650,Churn,Long-tail
CUS-1446300,Churn,Long-tail
CUS-1157000,Churn,Enterprise
CUS-1440050,Retained,Enterprise
CUS-739100,Churn,Enterprise
CUS-277750,Churn,Long-tail
CUS-1534800,Retained,Semi-Enterprise
CUS-305050,Retained,Enterprise
CUS-1219750,Retained,Semi-Enterprise
CUS-767350,Retained,Semi-Enterprise
CUS-1509800,Churn,Semi-Enterprise
CUS-1481900,Churn,Long-tail
CUS-862150,Retained,Enterprise
CUS-182200,Retained,Semi-Enterprise
CUS-387600,Retained,Enterprise
CUS-5607600,Onboarding,Long-tail
CUS-165800,Churn,Long-tail
CUS-175450,Churn,Long-tail
CUS-1048200,Churn,Long-tail
CUS-1567350,Onboarding,Enterprise
CUS-1454650,Retained,Long-tail
CUS-1465950,Retained,Long-tail
CUS-630600,Churn,Semi-Enterprise
CUS-1460200,Retained,Enterprise
CUS-639900,Churn,Long-tail
CUS-812150,Churn,Semi-Enterprise
CUS-1456450,Retained,Enterprise
CUS-316600,Churn,Semi-Enterprise
CUS-1463800,Churn,Enterprise
CUS-439300,Retained,Semi-Enterprise
CUS-851200,Churn,Enterprise
CUS-1507250,Retained,Long-tail
CUS-1531100,Retained,Semi-Enterprise
CUS-1485050,Retained,Long-tail
CUS-161800,Retained,Enterprise
CUS-1551650,Retained,Semi-Enterprise
CUS-1441600,Retained,Enterprise
CUS-1147000,Churn,Semi-Enterprise
CUS-1482300,Churn,Enterprise
CUS-1597050,Onboarding,Enterprise
CUS-1597100,Onboarding,Enterprise
CUS-166550,Churn,Semi-Enterprise
CUS-1516350,Retained,Long-tail
CUS-1468750,Retained,Long-tail
CUS-1285150,Retained,Semi-Enterprise
CUS-1434650,Retained,Long-tail
CUS-788050,Churn,Enterprise
CUS-5603050,Onboarding,Long-tail
CUS-1455700,Churn,Semi-Enterprise
CUS-1560900,Churn,Enterprise
CUS-775950,Retained,Semi-Enterprise
CUS-1442050,Retained,Enterprise
CUS-785300,Retained,Enterprise
CUS-288000,Churn,Long-tail
CUS-335450,Churn,Long-tail
CUS-1444650,Churn,Long-tail
CUS-1553850,Retained,Long-tail
CUS-1441000,Retained,Long-tail
CUS-157800,Churn,Semi-Enterprise
CUS-316250,Retained,Enterprise
CUS-514100,Churn,Long-tail
CUS-557550,Churn,Enterprise
CUS-589000,Churn,Long-tail
CUS-414650,Retained,Semi-Enterprise
CUS-738700,Churn,Semi-Enterprise
CUS-804100,Churn,Long-tail
CUS-644400,Churn,Long-tail
CUS-915650,Churn,Semi-Enterprise
CUS-156150,Churn,Long-tail
CUS-796050,Retained,Enterprise
CUS-1460350,Retained,Enterprise
CUS-862100,Retained,Enterprise
CUS-1124350,Retained,Enterprise
CUS-1430200,Churn,Semi-Enterprise
CUS-714600,Retained,Enterprise
CUS-1427700,Churn,Enterprise
CUS-1546750,Retained,Enterprise
CUS-1441400,Churn,Semi-Enterprise
CUS-679600,Churn,Enterprise
CUS-1449200,Churn,Enterprise
CUS-205900,Churn,Enterprise
CUS-185300,Retained,Enterprise
CUS-1510400,Retained,Enterprise
CUS-1516250,Retained,Enterprise
CUS-5599400,Onboarding,Semi-Enterprise
CUS-5603000,Retained,Long-tail
CUS-1481950,Retained,Enterprise
CUS-1171350,Churn,Long-tail
CUS-1470150,Retained,Semi-Enterprise
CUS-754150,Churn,Long-tail
CUS-1502000,Churn,Long-tail
CUS-927650,Churn,Long-tail
CUS-1559650,Onboarding,Semi-Enterprise
CUS-542800,Churn,Semi-Enterprise
CUS-557000,Retained,Semi-Enterprise
CUS-1507950,Retained,Enterprise
CUS-152800,Churn,Long-tail
CUS-1476100,Churn,Long-tail
CUS-1538950,Retained,Enterprise
CUS-1605450,Onboarding,Semi-Enterprise
CUS-1525900,Retained,Enterprise
CUS-1510350,Churn,Semi-Enterprise
CUS-755350,Churn,Semi-Enterprise
CUS-1450450,Retained,Enterprise
CUS-476800,Churn,Long-tail
CUS-201850,Churn,Long-tail
CUS-1530500,Retained,Enterprise
CUS-270350,Churn,Semi-Enterprise
CUS-285550,Churn,Long-tail
CUS-270850,Churn,Long-tail
CUS-200600,Churn,Long-tail
CUS-1528200,Retained,Semi-Enterprise
CUS-490450,Churn,Long-tail
CUS-1446250,Retained,Semi-Enterprise
CUS-1499800,Retained,Enterprise
CUS-643900,Churn,Long-tail
CUS-155700,Churn,Long-tail
CUS-1514950,Onboarding,Enterprise
CUS-1467200,Retained,Long-tail
CUS-1484400,Onboarding,Enterprise
CUS-278850,Churn,Long-tail
CUS-250400,Churn,Long-tail
CUS-5607950,Onboarding,Long-tail
CUS-1546550,Onboarding,Semi-Enterprise
CUS-1441850,Churn,Semi-Enterprise
CUS-1441900,Churn,Long-tail
CUS-1567500,Onboarding,Enterprise
CUS-1442000,Churn,Long-tail
CUS-1567550,Onboarding,Enterprise
CUS-763850,Retained,Enterprise
CUS-1505950,Retained,Enterprise
CUS-1437100,Retained,Enterprise
CUS-1528050,Retained,Long-tail
CUS-1536050,Churn,Enterprise
CUS-1469150,Churn,Semi-Enterprise
CUS-1461150,Retained,Semi-Enterprise
CUS-1586900,Retained,Enterprise
CUS-1198150,Churn,Long-tail
CUS-459900,Churn,Long-tail
CUS-1470900,Onboarding,Semi-Enterprise
CUS-1235500,Retained,Long-tail
CUS-591550,Churn,Long-tail
CUS-315700,Churn,Long-tail
CUS-1510150,Retained,Enterprise
CUS-1471300,Retained,Enterprise
CUS-1508200,Retained,Enterprise
CUS-1479850,Retained,Semi-Enterprise
CUS-1455100,Retained,Enterprise
CUS-1493800,Churn,Enterprise
CUS-1446500,Retained,Enterprise
CUS-1469300,Retained,Long-tail
CUS-1513900,Retained,Enterprise
CUS-158600,Retained,Enterprise
CUS-1458750,Churn,Long-tail
CUS-1551900,Onboarding,Long-tail
CUS-1529450,Churn,Semi-Enterprise
CUS-287300,Churn,Long-tail
CUS-1597250,Retained,Semi-Enterprise
CUS-1459400,Retained,Long-tail
CUS-1559700,Onboarding,Enterprise
CUS-469700,Churn,Long-tail
CUS-1478950,Churn,Long-tail
CUS-264250,Churn,Long-tail
CUS-1477950,Churn,Semi-Enterprise
CUS-1560200,Onboarding,Long-tail
CUS-1477650,Retained,Long-tail
CUS-1544450,Retained,Long-tail
CUS-340450,Retained,Semi-Enterprise
CUS-960300,Retained,Semi-Enterprise
CUS-361450,Churn,Semi-Enterprise
CUS-1559100,Retained,Enterprise
CUS-1146150,Churn,Semi-Enterprise
CUS-589150,Retained,Semi-Enterprise
CUS-294600,Retained,Enterprise
CUS-309800,Churn,Long-tail
CUS-457850,Churn,Long-tail
CUS-1525450,Retained,Enterprise
CUS-1520950,Retained,Semi-Enterprise
CUS-596250,Churn,Long-tail
CUS-1446450,Retained,Enterprise
CUS-954600,Churn,Long-tail
CUS-1510850,Retained,Enterprise
CUS-1203300,Retained,Enterprise
CUS-635550,Churn,Semi-Enterprise
CUS-1530900,Retained,Semi-Enterprise
CUS-1486400,Churn,Semi-Enterprise
CUS-159900,Churn,Long-tail
CUS-1488100,Churn,Enterprise
CUS-1440700,Churn,Enterprise
CUS-1441650,Onboarding,Enterprise
CUS-1490250,Retained,Long-tail
CUS-1502950,Retained,Semi-Enterprise
CUS-335900,Churn,Enterprise
CUS-1449000,Churn,Semi-Enterprise
CUS-1449050,Churn,Semi-Enterprise
CUS-1451300,Churn,Semi-Enterprise
CUS-174550,Churn,Long-tail
CUS-1499500,Retained,Long-tail
CUS-185850,Churn,Long-tail
CUS-436250,Churn,Long-tail
CUS-162100,Retained,Enterprise
CUS-923750,Churn,Long-tail
CUS-863400,Churn,Long-tail
CUS-1524000,Retained,Enterprise
CUS-1080950,Churn,Long-tail
CUS-338700,Retained,Long-tail
CUS-1429300,Retained,Long-tail
CUS-1473900,Retained,Enterprise
CUS-176550,Churn,Semi-Enterprise
CUS-1465050,Churn,Semi-Enterprise
CUS-477600,Churn,Semi-Enterprise
CUS-292700,Churn,Semi-Enterprise
CUS-534950,Churn,Long-tail
CUS-834400,Churn,Long-tail
CUS-537550,Churn,Enterprise
CUS-1490900,Retained,Semi-Enterprise
CUS-1456400,Churn,Semi-Enterprise
CUS-463400,Retained,Enterprise
CUS-1179250,Churn,Long-tail
CUS-1457200,Churn,Long-tail
CUS-1474350,Retained,Long-tail
CUS-1468600,Churn,Enterprise
CUS-1488150,Churn,Enterprise
CUS-514050,Churn,Long-tail
CUS-362300,Retained,Enterprise
CUS-1336650,Onboarding,Enterprise
CUS-1495450,Retained,Enterprise
CUS-855400,Churn,Semi-Enterprise
CUS-1560750,Onboarding,Semi-Enterprise
CUS-692150,Retained,Enterprise
CUS-1186150,Churn,Long-tail
CUS-502250,Churn,Enterprise
CUS-1189650,Retained,Enterprise
CUS-1512050,Onboarding,Enterprise
CUS-1352350,Retained,Enterprise
CUS-1352250,Retained,Enterprise
CUS-1477750,Retained,Enterprise
CUS-1129750,Retained,Enterprise
CUS-1352450,Retained,Enterprise
CUS-1477500,Retained,Enterprise
CUS-1477850,Retained,Enterprise
CUS-1352400,Retained,Enterprise
CUS-1477550,Retained,Enterprise
CUS-160350,Churn,Enterprise
CUS-158550,Churn,Semi-Enterprise
CUS-1585900,Onboarding,Enterprise
CUS-1172200,Retained,Enterprise
CUS-1456250,Retained,Enterprise
CUS-1489600,Retained,Semi-Enterprise
CUS-667900,Retained,Semi-Enterprise
CUS-208300,Retained,Long-tail
CUS-645900,Retained,Long-tail
CUS-1429750,Churn,Long-tail
CUS-1487350,Retained,Enterprise
CUS-1174050,Retained,Enterprise
CUS-1162550,Retained,Enterprise
CUS-1174150,Retained,Enterprise
CUS-1521600,Churn,Enterprise
CUS-1430500,Retained,Semi-Enterprise
CUS-1442750,Churn,Long-tail
CUS-1438550,Retained,Enterprise
CUS-1521400,Onboarding,Enterprise
CUS-1442600,Retained,Enterprise
CUS-764550,Churn,Long-tail
CUS-200300,Churn,Enterprise
CUS-743950,Churn,Enterprise
CUS-1293350,Churn,Enterprise
CUS-351800,Churn,Enterprise
CUS-1474600,Retained,Enterprise
CUS-1558100,Retained,Enterprise
CUS-1466150,Retained,Enterprise
CUS-606300,Churn,Enterprise
CUS-1252550,Retained,Enterprise
CUS-270250,Churn,Semi-Enterprise
CUS-322450,Churn,Enterprise
CUS-634000,Onboarding,Enterprise
CUS-753450,Churn,Long-tail
CUS-1470750,Retained,Enterprise
CUS-1520150,Churn,Long-tail
CUS-396600,Churn,Long-tail
CUS-1520200,Onboarding,Long-tail
CUS-1509950,Churn,Long-tail
CUS-519900,Churn,Long-tail
CUS-152200,Churn,Long-tail
CUS-490200,Retained,Enterprise
CUS-1488500,Churn,Long-tail
CUS-1056750,Churn,Enterprise
CUS-758650,Churn,Long-tail
CUS-1570150,Onboarding,Enterprise
CUS-1513450,Retained,Enterprise
CUS-1542650,Retained,Enterprise
CUS-1545200,Churn,Enterprise
CUS-1457100,Churn,Semi-Enterprise
CUS-157600,Churn,Long-tail
CUS-1461950,Retained,Long-tail
CUS-166250,Retained,Enterprise
CUS-1520700,Retained,Enterprise
CUS-1469700,Churn,Long-tail
CUS-494000,Churn,Long-tail
CUS-1501150,Retained,Enterprise
CUS-154050,Churn,Long-tail
CUS-1482250,Retained,Long-tail
CUS-1483100,Retained,Long-tail
CUS-386800,Churn,Long-tail
CUS-1480850,Churn,Semi-Enterprise
CUS-1463200,Churn,Long-tail
CUS-1501700,Retained,Semi-Enterprise
CUS-1472300,Retained,Enterprise
CUS-177450,Churn,Long-tail
CUS-362250,Churn,Long-tail
CUS-1158750,Churn,Long-tail
CUS-1501250,Retained,Long-tail
CUS-151050,Churn,Long-tail
CUS-151150,Retained,Enterprise
CUS-778300,Retained,Enterprise
CUS-1595650,Onboarding,Enterprise
CUS-543000,Churn,Long-tail
CUS-542900,Churn,Long-tail
CUS-542950,Churn,Long-tail
CUS-542850,Churn,Long-tail
CUS-1478550,Retained,Semi-Enterprise
CUS-1607250,Onboarding,Enterprise
CUS-1446550,Retained,Enterprise
CUS-1562300,Onboarding,Semi-Enterprise
CUS-162200,Churn,Enterprise
CUS-1146250,Churn,Long-tail
CUS-1414950,Retained,Enterprise
CUS-1462300,Retained,Semi-Enterprise
CUS-151550,Churn,Long-tail
CUS-314750,Retained,Semi-Enterprise
CUS-157550,Churn,Long-tail
CUS-417250,Churn,Long-tail
CUS-316700,Churn,Long-tail
CUS-418100,Churn,Long-tail
CUS-1305500,Churn,Long-tail
CUS-1471700,Onboarding,Enterprise
CUS-609750,Churn,Long-tail
CUS-404400,Churn,Long-tail
CUS-1585950,Onboarding,Enterprise
CUS-253750,Churn,Enterprise
CUS-1521650,Churn,Enterprise
CUS-533750,Retained,Long-tail
CUS-1526150,Retained,Semi-Enterprise
CUS-610450,Churn,Long-tail
CUS-1528400,Retained,Enterprise
CUS-241450,Retained,Semi-Enterprise
CUS-746700,Churn,Long-tail
CUS-1559850,Onboarding,Enterprise
CUS-586750,Churn,Long-tail
CUS-155800,Churn,Enterprise
CUS-1551150,Onboarding,Enterprise
CUS-1524100,Retained,Enterprise
CUS-5600500,Retained,Semi-Enterprise
CUS-998500,Churn,Long-tail
CUS-1490600,Churn,Long-tail
CUS-1525550,Retained,Long-tail
CUS-362050,Churn,Enterprise
CUS-1543200,Retained,Enterprise
CUS-157500,Churn,Long-tail
CUS-1462050,Churn,Long-tail
CUS-777900,Retained,Long-tail
CUS-1577050,Onboarding,Enterprise
CUS-639450,Churn,Enterprise
CUS-1553650,Onboarding,Semi-Enterprise
CUS-229900,Churn,Semi-Enterprise
CUS-683100,Retained,Semi-Enterprise
CUS-633500,Churn,Long-tail
CUS-571400,Churn,Long-tail
CUS-1496700,Retained,Enterprise
CUS-376750,Churn,Long-tail
CUS-1567600,Onboarding,Enterprise
CUS-304750,Retained,Semi-Enterprise
CUS-1166050,Churn,Enterprise
CUS-1444300,Onboarding,Semi-Enterprise
CUS-806850,Retained,Enterprise
CUS-807100,Retained,Enterprise
CUS-152050,Retained,Enterprise
CUS-1508250,Retained,Enterprise
CUS-1510050,Onboarding,Long-tail
CUS-1510100,Onboarding,Long-tail
CUS-1165300,Churn,Long-tail
CUS-199600,Churn,Semi-Enterprise
CUS-1536300,Onboarding,Semi-Enterprise
CUS-1445600,Churn,Semi-Enterprise
CUS-1537400,Onboarding,Semi-Enterprise
CUS-1549400,Retained,Enterprise
CUS-1206000,Churn,Semi-Enterprise
CUS-1543250,Onboarding,Long-tail
CUS-704850,Churn,Semi-Enterprise
CUS-1487750,Retained,Enterprise
CUS-1453950,Onboarding,Enterprise
CUS-221850,Churn,Long-tail
CUS-1052100,Retained,Semi-Enterprise
CUS-158500,Churn,Long-tail
CUS-1584050,Onboarding,Enterprise
CUS-907250,Churn,Long-tail
CUS-895150,Churn,Enterprise
CUS-627000,Retained,Enterprise
CUS-1570200,Onboarding,Enterprise
CUS-954250,Churn,Semi-Enterprise
CUS-1450850,Retained,Semi-Enterprise
CUS-1482700,Retained,Semi-Enterprise
CUS-680600,Churn,Long-tail
CUS-1479950,Churn,Semi-Enterprise
CUS-300950,Churn,Long-tail
CUS-851850,Churn,Long-tail
CUS-579150,Churn,Enterprise
CUS-372400,Churn,Long-tail
CUS-1506700,Onboarding,Enterprise
CUS-1518200,Retained,Long-tail
CUS-264050,Churn,Long-tail
CUS-1281350,Churn,Long-tail
CUS-160550,Retained,Enterprise
CUS-574650,Churn,Long-tail
CUS-338100,Retained,Enterprise
CUS-1559150,Retained,Enterprise
CUS-159300,Retained,Long-tail
CUS-1459950,Churn,Semi-Enterprise
CUS-1471750,Churn,Enterprise
CUS-5605750,Onboarding,Enterprise
CUS-1484500,Retained,Enterprise
CUS-831150,Churn,Semi-Enterprise
CUS-1554050,Retained,Enterprise
CUS-166150,Retained,Enterprise
CUS-1558000,Retained,Enterprise
CUS-1568150,Retained,Enterprise
CUS-1472600,Retained,Enterprise
CUS-1430600,Churn,Semi-Enterprise
CUS-240400,Churn,Long-tail
CUS-924350,Churn,Long-tail
CUS-1520050,Retained,Enterprise
CUS-166700,Retained,Enterprise
CUS-602800,Churn,Long-tail
CUS-1347050,Retained,Long-tail
CUS-1455650,Retained,Enterprise
CUS-1450750,Retained,Enterprise
CUS-201750,Churn,Long-tail
CUS-856700,Churn,Long-tail
CUS-254800,Churn,Long-tail
CUS-1078150,Churn,Long-tail
CUS-1078100,Churn,Semi-Enterprise
CUS-175950,Churn,Long-tail
CUS-295550,Churn,Long-tail
CUS-1470700,Churn,Semi-Enterprise
CUS-1607700,Onboarding,Enterprise
CUS-1052000,Retained,Semi-Enterprise
CUS-470900,Churn,Long-tail
CUS-1474650,Churn,Long-tail
CUS-1449800,Churn,Semi-Enterprise
CUS-1068750,Retained,Enterprise
CUS-1475750,Retained,Enterprise
CUS-597950,Churn,Long-tail
CUS-1599300,Onboarding,Long-tail
CUS-1472650,Retained,Semi-Enterprise
CUS-1205200,Retained,Semi-Enterprise
CUS-1473300,Churn,Enterprise
CUS-1438700,Onboarding,Enterprise
CUS-1440250,Onboarding,Enterprise
CUS-160150,Retained,Enterprise
CUS-1134350,Retained,Enterprise
CUS-1558200,Onboarding,Enterprise
CUS-1558250,Onboarding,Enterprise
CUS-1558300,Onboarding,Enterprise
CUS-1558400,Onboarding,Enterprise
CUS-1558450,Onboarding,Enterprise
CUS-1558550,Onboarding,Enterprise
CUS-1558600,Onboarding,Enterprise
CUS-1558650,Onboarding,Enterprise
CUS-1558750,Onboarding,Enterprise
CUS-1558800,Onboarding,Enterprise
CUS-1559600,Onboarding,Enterprise
CUS-1558900,Onboarding,Enterprise
CUS-1558950,Onboarding,Enterprise
CUS-1535750,Onboarding,Enterprise
CUS-1480300,Retained,Long-tail
CUS-1463500,Churn,Long-tail
CUS-537150,Churn,Semi-Enterprise
CUS-896100,Churn,Long-tail
CUS-1450100,Retained,Enterprise
CUS-372600,Churn,Long-tail
CUS-1040600,Retained,Enterprise
CUS-1025800,Retained,Semi-Enterprise
CUS-792350,Retained,Enterprise
CUS-1444500,Churn,Enterprise
CUS-711000,Retained,Enterprise
CUS-1047150,Retained,Enterprise
CUS-832650,Retained,Enterprise
CUS-165650,Churn,Long-tail
CUS-1489750,Retained,Enterprise
CUS-332050,Retained,Enterprise
CUS-292450,Churn,Long-tail
CUS-1564700,Retained,Semi-Enterprise
CUS-1482950,Churn,Semi-Enterprise
CUS-1554550,Onboarding,Enterprise
CUS-1600250,Onboarding,Long-tail
CUS-519500,Churn,Enterprise
CUS-1262600,Retained,Enterprise
CUS-157750,Retained,Long-tail
CUS-463450,Retained,Enterprise
CUS-1520300,Churn,Semi-Enterprise
CUS-189700,Retained,Long-tail
CUS-1469200,Churn,Long-tail
CUS-781400,Churn,Enterprise
CUS-1492600,Retained,Enterprise
CUS-1525000,Retained,Enterprise
CUS-423950,Churn,Long-tail
CUS-1572850,Onboarding,Enterprise
CUS-156650,Retained,Enterprise
CUS-1536400,Retained,Long-tail
CUS-271500,Churn,Enterprise
CUS-1467600,Churn,Long-tail
CUS-548200,Churn,Semi-Enterprise
CUS-314850,Retained,Long-tail
CUS-1484250,Churn,Enterprise
CUS-1011600,Churn,Long-tail
CUS-814900,Churn,Long-tail
CUS-555350,Churn,Semi-Enterprise
CUS-1524250,Onboarding,Enterprise
CUS-1525950,Retained,Long-tail
CUS-812200,Retained,Enterprise
CUS-1574100,Retained,Enterprise
CUS-5604900,Onboarding,Enterprise
CUS-1503300,Churn,Long-tail
CUS-1478050,Retained,Enterprise
CUS-1457050,Retained,Enterprise
CUS-1466200,Retained,Semi-Enterprise
CUS-1449350,Churn,Semi-Enterprise
CUS-820800,Churn,Enterprise
CUS-1585050,Onboarding,Enterprise
CUS-1006000,Retained,Semi-Enterprise
CUS-242750,Churn,Long-tail
CUS-244800,Retained,Enterprise
CUS-695600,Churn,Long-tail
CUS-1486900,Onboarding,Enterprise
CUS-1487100,Onboarding,Enterprise
CUS-1486950,Onboarding,Enterprise
CUS-1487000,Onboarding,Enterprise
CUS-1032150,Retained,Long-tail
CUS-316200,Churn,Long-tail
CUS-479050,Churn,Long-tail
CUS-1169900,Churn,Semi-Enterprise
CUS-153450,Churn,Long-tail
CUS-1469800,Retained,Semi-Enterprise
CUS-484400,Churn,Long-tail
CUS-613000,Churn,Long-tail
CUS-1468250,Churn,Semi-Enterprise
CUS-156000,Retained,Semi-Enterprise
CUS-424350,Retained,Enterprise
CUS-547450,Retained,Enterprise
CUS-1293150,Retained,Enterprise
CUS-1447350,Retained,Enterprise
CUS-1447450,Churn,Long-tail
CUS-513800,Churn,Enterprise
CUS-291650,Retained,Enterprise
CUS-1091250,Retained,Enterprise
CUS-417200,Retained,Enterprise
CUS-424300,Retained,Enterprise
CUS-1485800,Retained,Semi-Enterprise
CUS-937700,Churn,Semi-Enterprise
CUS-462250,Retained,Semi-Enterprise
CUS-259200,Churn,Long-tail
CUS-1446600,Retained,Enterprise
CUS-5602550,Onboarding,Long-tail
CUS-1501050,Retained,Semi-Enterprise
CUS-1488650,Onboarding,Enterprise
CUS-1503700,Onboarding,Semi-Enterprise
CUS-803200,Churn,Long-tail
CUS-1506350,Churn,Enterprise
CUS-1160900,Retained,Enterprise
CUS-158350,Churn,Long-tail
CUS-1459700,Churn,Enterprise
CUS-1444550,Churn,Semi-Enterprise
CUS-260600,Churn,Long-tail
CUS-1437250,Churn,Enterprise
CUS-768850,Retained,Enterprise
CUS-1464200,Retained,Long-tail
CUS-1496100,Retained,Enterprise
CUS-1496150,Retained,Enterprise
CUS-1496200,Retained,Enterprise
CUS-1496350,Retained,Enterprise
CUS-1493150,Retained,Enterprise
CUS-1496750,Retained,Enterprise
CUS-998550,Churn,Long-tail
CUS-1530650,Retained,Enterprise
CUS-640000,Churn,Long-tail
CUS-1552800,Retained,Semi-Enterprise
CUS-271550,Retained,Enterprise
CUS-1468300,Retained,Enterprise
CUS-1471800,Onboarding,Enterprise
CUS-1480050,Churn,Semi-Enterprise
CUS-1440950,Churn,Enterprise
CUS-158250,Retained,Enterprise
CUS-319550,Churn,Long-tail
CUS-955850,Retained,Semi-Enterprise
CUS-319450,Churn,Long-tail
CUS-292000,Churn,Long-tail
CUS-515000,Churn,Long-tail
CUS-1453750,Onboarding,Enterprise
CUS-1283250,Retained,Enterprise
CUS-1464100,Retained,Enterprise
CUS-155500,Churn,Long-tail
CUS-1500700,Retained,Enterprise
CUS-1486000,Churn,Long-tail
CUS-1482400,Retained,Enterprise
CUS-1520750,Retained,Enterprise
CUS-1443200,Retained,Semi-Enterprise
CUS-160000,Retained,Semi-Enterprise
CUS-169100,Retained,Enterprise
CUS-153500,Churn,Long-tail
CUS-1435350,Retained,Enterprise
CUS-1497950,Onboarding,Enterprise
CUS-330400,Churn,Semi-Enterprise
CUS-1495850,Retained,Enterprise
CUS-1495900,Retained,Enterprise
CUS-1483450,Retained,Enterprise
CUS-5603950,Onboarding,Enterprise
CUS-5604000,Onboarding,Enterprise
CUS-5603900,Onboarding,Enterprise
CUS-5603850,Onboarding,Enterprise
CUS-1487950,Churn,Enterprise
CUS-5605850,Onboarding,Enterprise
CUS-1552750,Onboarding,Long-tail
CUS-362650,Retained,Long-tail
CUS-1285450,Churn,Long-tail
CUS-156850,Churn,Long-tail
CUS-1577450,Onboarding,Enterprise
CUS-1488000,Churn,Enterprise
CUS-355700,Churn,Enterprise
CUS-460000,Churn,Semi-Enterprise
CUS-1577700,Onboarding,Enterprise
CUS-602150,Churn,Long-tail
CUS-313500,Churn,Long-tail
CUS-1513950,Retained,Enterprise
CUS-1473400,Retained,Long-tail
CUS-230450,Retained,Semi-Enterprise
CUS-1502350,Churn,Enterprise
CUS-1507850,Retained,Semi-Enterprise
CUS-1452550,Churn,Enterprise
CUS-1502450,Churn,Enterprise
CUS-1502500,Churn,Enterprise
CUS-1452600,Churn,Enterprise
CUS-796500,Churn,Enterprise
CUS-186350,Churn,Semi-Enterprise
CUS-331650,Retained,Long-tail
CUS-1279700,Retained,Enterprise
CUS-1072950,Churn,Enterprise
CUS-381600,Retained,Long-tail
CUS-1508050,Retained,Enterprise
CUS-1454950,Onboarding,Semi-Enterprise
CUS-1514300,Churn,Semi-Enterprise
CUS-5603100,Retained,Long-tail
CUS-1557750,Retained,Semi-Enterprise
CUS-1479600,Retained,Semi-Enterprise
CUS-1559400,Onboarding,Long-tail
CUS-1477300,Retained,Enterprise
CUS-1488250,Churn,Enterprise
CUS-1473050,Churn,Semi-Enterprise
CUS-1357850,Retained,Enterprise
CUS-1493500,Retained,Enterprise
CUS-219700,Churn,Long-tail
CUS-176000,Churn,Long-tail
CUS-1179100,Retained,Semi-Enterprise
CUS-1104650,Churn,Enterprise
CUS-1360450,Churn,Long-tail
CUS-1492650,Churn,Long-tail
CUS-155750,Churn,Long-tail
CUS-1194200,Churn,Semi-Enterprise
CUS-398000,Retained,Enterprise
CUS-1239150,Churn,Long-tail
CUS-156500,Churn,Long-tail
CUS-1488600,Retained,Long-tail
CUS-1463000,Retained,Enterprise
CUS-470950,Churn,Long-tail
CUS-460950,Churn,Long-tail
CUS-1489300,Retained,Enterprise
CUS-1489350,Retained,Enterprise
CUS-1465150,Retained,Enterprise
CUS-1270150,Retained,Semi-Enterprise
CUS-1329600,Churn,Semi-Enterprise
CUS-1484050,Onboarding,Semi-Enterprise
CUS-1299750,Churn,Semi-Enterprise
CUS-159100,Churn,Long-tail
CUS-245100,Churn,Long-tail
CUS-1529600,Retained,Enterprise
CUS-1544800,Retained,Enterprise
CUS-1378450,Churn,Enterprise
CUS-1482750,Churn,Semi-Enterprise
CUS-1488050,Churn,Enterprise
CUS-1559200,Retained,Enterprise
CUS-1553500,Onboarding,Semi-Enterprise
CUS-1511000,Churn,Semi-Enterprise
CUS-343450,Churn,Long-tail
CUS-1598800,Onboarding,Long-tail
CUS-1563250,Onboarding,Long-tail
CUS-1029150,Churn,Semi-Enterprise
CUS-1516650,Retained,Enterprise
CUS-1476700,Churn,Long-tail
CUS-152100,Churn,Long-tail
CUS-1502150,Retained,Semi-Enterprise
CUS-237500,Churn,Long-tail
CUS-545150,Churn,Semi-Enterprise
CUS-231050,Churn,Long-tail
CUS-552450,Churn,Long-tail
CUS-262550,Churn,Long-tail
CUS-1577100,Retained,Enterprise
CUS-1538600,Retained,Enterprise
CUS-1471100,Retained,Enterprise
CUS-1562000,Retained,Semi-Enterprise
CUS-1451700,Retained,Enterprise
CUS-888350,Retained,Long-tail
CUS-1345100,Churn,Long-tail
CUS-288100,Churn,Long-tail
CUS-1453800,Retained,Long-tail
CUS-158200,Churn,Long-tail
CUS-1189700,Churn,Long-tail
CUS-1503750,Retained,Enterprise
CUS-1503100,Retained,Enterprise
CUS-1503850,Retained,Enterprise
CUS-1472500,Retained,Enterprise
CUS-1588400,Onboarding,Long-tail
CUS-1460750,Retained,Enterprise
CUS-240750,Churn,Semi-Enterprise
CUS-153900,Churn,Semi-Enterprise
CUS-1508300,Retained,Enterprise
CUS-1105700,Churn,Semi-Enterprise
CUS-1454600,Retained,Enterprise
CUS-1500000,Retained,Semi-Enterprise
CUS-5605000,Onboarding,Long-tail
CUS-1459800,Churn,Long-tail
CUS-1492400,Churn,Semi-Enterprise
CUS-1514350,Churn,Semi-Enterprise
CUS-1508100,Retained,Enterprise
CUS-795950,Retained,Enterprise
CUS-1541800,Onboarding,Long-tail
CUS-1446100,Retained,Long-tail
CUS-278350,Churn,Long-tail
CUS-1516800,Retained,Enterprise
CUS-257050,Retained,Enterprise
CUS-635300,Churn,Long-tail
CUS-390850,Churn,Long-tail
CUS-1503350,Churn,Long-tail
CUS-1512600,Churn,Semi-Enterprise
CUS-378500,Churn,Enterprise
CUS-1087500,Churn,Long-tail
CUS-311050,Churn,Long-tail
CUS-1513150,Churn,Semi-Enterprise
CUS-249050,Churn,Long-tail
CUS-1480750,Retained,Enterprise
CUS-152500,Churn,Long-tail
CUS-1277050,Churn,Long-tail
CUS-208800,Onboarding,Enterprise
CUS-154300,Churn,Semi-Enterprise
CUS-1543650,Retained,Semi-Enterprise
CUS-1543600,Onboarding,Semi-Enterprise
CUS-1543700,Onboarding,Semi-Enterprise
CUS-1543800,Onboarding,Semi-Enterprise
CUS-1497300,Retained,Enterprise
CUS-1597300,Retained,Long-tail
CUS-347750,Churn,Long-tail
CUS-222250,Retained,Enterprise
CUS-1520800,Retained,Semi-Enterprise
CUS-950500,Churn,Semi-Enterprise
CUS-950450,Retained,Semi-Enterprise
CUS-1435500,Retained,Long-tail
CUS-1444350,Retained,Enterprise
CUS-378650,Churn,Long-tail
CUS-428600,Churn,Long-tail
CUS-1454700,Onboarding,Semi-Enterprise
CUS-434600,Retained,Enterprise
CUS-1452450,Churn,Semi-Enterprise
CUS-1010150,Retained,Long-tail
CUS-1484650,Churn,Semi-Enterprise
CUS-355600,Churn,Semi-Enterprise
CUS-355650,Churn,Long-tail
CUS-1499950,Retained,Long-tail
CUS-1513100,Retained,Long-tail
CUS-160500,Retained,Enterprise
CUS-1454000,Churn,Long-tail
CUS-1459750,Churn,Long-tail
CUS-440850,Churn,Long-tail
CUS-1539500,Onboarding,Enterprise
CUS-732700,Churn,Long-tail
CUS-825500,Churn,Semi-Enterprise
CUS-261450,Churn,Long-tail
CUS-1454750,Retained,Enterprise
CUS-241400,Retained,Enterprise
CUS-201900,Churn,Long-tail
CUS-249450,Churn,Long-tail
CUS-530450,Retained,Enterprise
CUS-151000,Churn,Long-tail
CUS-1471850,Retained,Enterprise
CUS-735500,Churn,Enterprise
CUS-237600,Retained,Semi-Enterprise
CUS-1482600,Churn,Semi-Enterprise
CUS-1554250,Onboarding,Enterprise
CUS-1586300,Onboarding,Semi-Enterprise
CUS-161200,Churn,Long-tail
CUS-1485100,Retained,Enterprise
CUS-268550,Retained,Semi-Enterprise
CUS-1454900,Churn,Semi-Enterprise
CUS-513950,Churn,Long-tail
CUS-1476950,Retained,Semi-Enterprise
CUS-1600650,Onboarding,Semi-Enterprise
CUS-157350,Churn,Long-tail
CUS-498050,Churn,Long-tail
CUS-1442450,Retained,Semi-Enterprise
CUS-174850,Churn,Long-tail
CUS-660400,Retained,Long-tail
CUS-261400,Churn,Long-tail
CUS-1450050,Churn,Long-tail
CUS-742850,Churn,Semi-Enterprise
CUS-1565600,Retained,Semi-Enterprise
CUS-1597350,Onboarding,Long-tail
CUS-1526250,Churn,Long-tail
CUS-300200,Churn,Long-tail
CUS-1474800,Churn,Semi-Enterprise
CUS-886850,Churn,Long-tail
CUS-1468550,Onboarding,Semi-Enterprise
CUS-1578450,Onboarding,Enterprise
CUS-1078250,Churn,Long-tail
CUS-1078400,Churn,Long-tail
CUS-1078300,Churn,Semi-Enterprise
CUS-361800,Retained,Long-tail
CUS-1531400,Onboarding,Long-tail
CUS-1485200,Onboarding,Long-tail
CUS-1479100,Retained,Long-tail
CUS-169650,Churn,Long-tail
CUS-1455200,Retained,Enterprise
CUS-157300,Churn,Long-tail
CUS-1472750,Churn,Long-tail
CUS-183350,Churn,Long-tail
CUS-234950,Churn,Long-tail
CUS-1463050,Churn,Long-tail
CUS-1520350,Churn,Semi-Enterprise
CUS-272600,Retained,Semi-Enterprise
CUS-1091150,Retained,Enterprise
CUS-686250,Churn,Long-tail
CUS-166300,Retained,Enterprise
CUS-595750,Churn,Semi-Enterprise
CUS-1493450,Churn,Semi-Enterprise
CUS-195300,Churn,Semi-Enterprise
CUS-1455450,Churn,Semi-Enterprise
CUS-1456900,Retained,Long-tail
CUS-1585400,Retained,Long-tail
CUS-312150,Churn,Long-tail
CUS-1477100,Churn,Enterprise
CUS-712600,Retained,Enterprise
CUS-162150,Churn,Long-tail
CUS-214800,Churn,Long-tail
CUS-314650,Churn,Long-tail
CUS-1560700,Retained,Semi-Enterprise
CUS-496650,Churn,Semi-Enterprise
CUS-225550,Churn,Long-tail
CUS-1487900,Churn,Enterprise
CUS-1403300,Retained,Long-tail
CUS-1484600,Retained,Enterprise
CUS-1562450,Onboarding,Semi-Enterprise
CUS-281300,Retained,Enterprise
CUS-885100,Churn,Long-tail
CUS-463700,Churn,Long-tail
CUS-159450,Churn,Enterprise
CUS-156600,Churn,Long-tail
CUS-1490950,Retained,Enterprise
CUS-1491000,Retained,Enterprise
CUS-1473000,Retained,Enterprise
CUS-195200,Churn,Long-tail
CUS-1190750,Churn,Long-tail
CUS-639400,Churn,Semi-Enterprise
CUS-1194100,Retained,Enterprise
CUS-1514900,Churn,Semi-Enterprise
CUS-1508950,Churn,Enterprise
CUS-1509300,Churn,Enterprise
CUS-1509350,Churn,Enterprise
CUS-1480800,Churn,Semi-Enterprise
CUS-173800,Retained,Semi-Enterprise
CUS-635700,Churn,Semi-Enterprise
CUS-836200,Churn,Long-tail
CUS-836250,Churn,Long-tail
CUS-836150,Churn,Long-tail
CUS-571300,Retained,Long-tail
CUS-1132850,Churn,Enterprise
CUS-563450,Retained,Enterprise
CUS-1567650,Onboarding,Enterprise
CUS-581600,Churn,Enterprise
CUS-1455900,Churn,Long-tail
CUS-524950,Churn,Enterprise
CUS-1502200,Retained,Semi-Enterprise
CUS-1453500,Retained,Semi-Enterprise
CUS-159700,Churn,Semi-Enterprise
CUS-515050,Retained,Semi-Enterprise
CUS-1482650,Retained,Enterprise
CUS-752450,Churn,Long-tail
CUS-1561000,Onboarding,Long-tail
CUS-1472450,Churn,Enterprise
CUS-1488300,Churn,Enterprise
CUS-1467000,Churn,Semi-Enterprise
CUS-1517250,Retained,Enterprise
CUS-1511100,Retained,Semi-Enterprise
CUS-1468850,Churn,Semi-Enterprise
CUS-1468900,Retained,Enterprise
CUS-1459300,Retained,Semi-Enterprise
CUS-1450300,Retained,Enterprise
CUS-1444400,Retained,Enterprise
CUS-152450,Churn,Long-tail
CUS-1032050,Churn,Long-tail
CUS-483850,Churn,Long-tail
CUS-1393900,Retained,Semi-Enterprise
CUS-1580700,Retained,Semi-Enterprise
CUS-912150,Retained,Enterprise
CUS-206600,Churn,Long-tail
CUS-1598500,Onboarding,Long-tail
CUS-1554300,Onboarding,Enterprise
CUS-5599700,Onboarding,Enterprise
CUS-1535400,Onboarding,Semi-Enterprise
CUS-1554150,Churn,Enterprise
CUS-1460300,Retained,Enterprise
CUS-744000,Churn,Enterprise
CUS-161650,Onboarding,Semi-Enterprise
CUS-744050,Churn,Enterprise
CUS-1500150,Retained,Enterprise
CUS-1453700,Retained,Semi-Enterprise
CUS-1442150,Retained,Enterprise
CUS-621600,Retained,Long-tail
CUS-270300,Churn,Long-tail
CUS-775100,Churn,Long-tail
CUS-1510500,Churn,Long-tail
CUS-1479050,Churn,Enterprise
CUS-1531150,Retained,Long-tail
CUS-1359550,Churn,Semi-Enterprise
CUS-1503450,Retained,Long-tail
CUS-1476600,Retained,Long-tail
CUS-1460400,Churn,Semi-Enterprise
CUS-248500,Retained,Semi-Enterprise
CUS-664600,Churn,Long-tail
CUS-642900,Churn,Semi-Enterprise
CUS-1350200,Churn,Long-tail
CUS-1442900,Churn,Enterprise
CUS-494250,Churn,Long-tail
CUS-1516600,Retained,Semi-Enterprise
CUS-1538000,Retained,Semi-Enterprise
CUS-1082550,Retained,Enterprise
CUS-452700,Churn,Long-tail
CUS-1090100,Churn,Long-tail
CUS-1538100,Retained,Enterprise
CUS-1517850,Retained,Semi-Enterprise
CUS-1329700,Churn,Enterprise
CUS-1478700,Retained,Enterprise
CUS-1478750,Retained,Enterprise
CUS-1030400,Retained,Enterprise
CUS-1497600,Churn,Long-tail
CUS-987600,Churn,Long-tail
CUS-920750,Retained,Enterprise
CUS-252250,Retained,Semi-Enterprise
CUS-1483000,Retained,Long-tail
CUS-1544850,Retained,Long-tail
CUS-1582300,Onboarding,Semi-Enterprise
CUS-1449950,Churn,Long-tail
CUS-304700,Churn,Long-tail
CUS-5602050,Retained,Long-tail
CUS-914900,Churn,Semi-Enterprise
CUS-1464250,Churn,Semi-Enterprise
CUS-676950,Churn,Long-tail
CUS-476850,Retained,Enterprise
CUS-152650,Churn,Long-tail
CUS-1479400,Churn,Enterprise
CUS-1449650,Churn,Semi-Enterprise
CUS-1129500,Churn,Long-tail
CUS-158150,Churn,Enterprise
CUS-1457950,Retained,Enterprise
CUS-1465400,Churn,Enterprise
CUS-1465450,Churn,Enterprise
CUS-1465500,Churn,Enterprise
CUS-1465600,Churn,Enterprise
CUS-604150,Churn,Long-tail
CUS-166200,Retained,Enterprise
CUS-1469550,Retained,Enterprise
CUS-1461200,Retained,Long-tail
CUS-1526800,Retained,Semi-Enterprise
CUS-1482900,Onboarding,Long-tail
CUS-607050,Churn,Long-tail
CUS-1495750,Churn,Semi-Enterprise
CUS-1562650,Onboarding,Enterprise
CUS-408050,Churn,Long-tail
CUS-1586100,Onboarding,Enterprise
CUS-1484350,Churn,Semi-Enterprise
CUS-1459450,Retained,Enterprise
CUS-1459500,Retained,Enterprise
CUS-1443100,Retained,Enterprise
CUS-1499750,Retained,Enterprise
CUS-1461450,Retained,Enterprise
CUS-1586700,Retained,Semi-Enterprise
CUS-223500,Churn,Long-tail
CUS-841000,Churn,Enterprise
CUS-461200,Churn,Long-tail
CUS-1442350,Retained,Long-tail
CUS-1469650,Churn,Long-tail
CUS-1206050,Retained,Enterprise
CUS-1557850,Onboarding,Semi-Enterprise
CUS-630550,Churn,Long-tail
CUS-1471900,Retained,Enterprise
CUS-1580750,Onboarding,Long-tail
CUS-1483300,Churn,Long-tail
CUS-1454150,Retained,Enterprise
CUS-1526200,Retained,Enterprise
CUS-665150,Churn,Long-tail
CUS-397650,Churn,Long-tail
CUS-1126800,Retained,Semi-Enterprise
CUS-726400,Retained,Semi-Enterprise
CUS-1442400,Churn,Semi-Enterprise
CUS-572250,Churn,Long-tail
CUS-228050,Churn,Semi-Enterprise
CUS-1530400,Retained,Enterprise
CUS-470750,Retained,Enterprise
CUS-1459900,Churn,Enterprise
CUS-1517350,Retained,Long-tail
CUS-158300,Churn,Long-tail
CUS-512700,Churn,Long-tail
CUS-1486050,Retained,Enterprise
CUS-1102650,Churn,Long-tail
CUS-1458950,Churn,Long-tail
CUS-1549550,Retained,Long-tail
CUS-1578400,Onboarding,Enterprise
CUS-1506000,Retained,Long-tail
CUS-1506050,Retained,Long-tail
CUS-1506100,Retained,Long-tail
CUS-1511600,Retained,Long-tail
CUS-1597500,Onboarding,Enterprise
CUS-1597550,Onboarding,Enterprise
CUS-1597600,Onboarding,Enterprise
CUS-1598600,Onboarding,Long-tail
CUS-1599850,Onboarding,Semi-Enterprise
CUS-1597650,Onboarding,Enterprise
CUS-1506200,Retained,Long-tail
CUS-1601450,Retained,Enterprise
CUS-1506250,Retained,Long-tail
CUS-1577400,Onboarding,Long-tail
CUS-1506300,Retained,Long-tail
CUS-226650,Churn,Long-tail
CUS-1005900,Retained,Enterprise
CUS-957900,Retained,Enterprise
CUS-1552700,Retained,Enterprise
CUS-1473450,Retained,Enterprise
CUS-1473550,Retained,Enterprise
CUS-902900,Retained,Enterprise
CUS-1474000,Retained,Enterprise
CUS-1473600,Retained,Enterprise
CUS-1474050,Retained,Enterprise
CUS-1473650,Retained,Enterprise
CUS-419600,Retained,Enterprise
CUS-788200,Churn,Long-tail
CUS-322550,Retained,Enterprise
CUS-619650,Retained,Enterprise
CUS-1461250,Retained,Long-tail
CUS-295200,Churn,Long-tail
CUS-185100,Churn,Long-tail
CUS-1233800,Churn,Semi-Enterprise
CUS-1511250,Retained,Semi-Enterprise
CUS-1518000,Onboarding,Enterprise
CUS-1518050,Onboarding,Enterprise
CUS-726750,Retained,Long-tail
CUS-1486150,Retained,Enterprise
CUS-1537450,Retained,Enterprise
CUS-253900,Churn,Long-tail
CUS-1569600,Retained,Enterprise
CUS-1589800,Onboarding,Enterprise
CUS-1597150,Onboarding,Enterprise
CUS-1499650,Retained,Enterprise
CUS-1488950,Retained,Enterprise
CUS-421850,Churn,Long-tail
CUS-1517750,Retained,Long-tail
CUS-1458500,Churn,Enterprise
CUS-291050,Retained,Long-tail
CUS-618000,Churn,Semi-Enterprise
CUS-1036400,Churn,Semi-Enterprise
CUS-1090300,Retained,Enterprise
CUS-1549450,Retained,Enterprise
CUS-1493850,Churn,Semi-Enterprise
CUS-1479000,Retained,Enterprise
CUS-1589200,Onboarding,Enterprise
CUS-185700,Churn,Long-tail
CUS-531500,Churn,Enterprise
CUS-1544250,Churn,Semi-Enterprise
CUS-1470800,Retained,Enterprise
CUS-593800,Churn,Long-tail
CUS-176100,Churn,Long-tail
CUS-774850,Retained,Enterprise
CUS-209750,Churn,Long-tail
CUS-155400,Churn,Long-tail
CUS-1537600,Retained,Enterprise
CUS-580050,Churn,Semi-Enterprise
CUS-661350,Retained,Enterprise
CUS-637400,Churn,Long-tail
CUS-1600200,Onboarding,Enterprise
CUS-1574200,Onboarding,Long-tail
CUS-172500,Churn,Long-tail
CUS-579650,Churn,Enterprise
CUS-1289700,Churn,Semi-Enterprise
CUS-495600,Churn,Enterprise
CUS-1449300,Retained,Long-tail
CUS-862500,Churn,Long-tail
CUS-243550,Retained,Enterprise
CUS-247250,Churn,Long-tail
CUS-1586150,Onboarding,Enterprise
CUS-1586200,Onboarding,Enterprise
CUS-1443800,Churn,Long-tail
CUS-1086200,Retained,Enterprise
CUS-151450,Retained,Semi-Enterprise
CUS-647750,Churn,Long-tail
CUS-571450,Churn,Long-tail
CUS-157700,Retained,Semi-Enterprise
CUS-1458550,Churn,Long-tail
CUS-201250,Churn,Long-tail
CUS-1476650,Retained,Enterprise
CUS-1536150,Onboarding,Long-tail
CUS-1498700,Retained,Semi-Enterprise
CUS-1393800,Retained,Enterprise
CUS-1471950,Retained,Enterprise
CUS-1364950,Retained,Enterprise
CUS-1595750,Retained,Enterprise
CUS-1169800,Churn,Semi-Enterprise
CUS-1462000,Retained,Enterprise
CUS-1537150,Retained,Semi-Enterprise
CUS-168850,Churn,Long-tail
CUS-531300,Retained,Enterprise
CUS-408200,Churn,Long-tail
CUS-1461900,Churn,Semi-Enterprise
CUS-907550,Churn,Enterprise
CUS-1380800,Churn,Long-tail
CUS-351350,Onboarding,Semi-Enterprise
CUS-1518300,Retained,Semi-Enterprise
CUS-588950,Churn,Long-tail
CUS-1483950,Churn,Long-tail
CUS-153550,Churn,Long-tail
CUS-718100,Churn,Long-tail
CUS-1544950,Retained,Long-tail
CUS-1444950,Retained,Enterprise
CUS-310250,Churn,Long-tail
CUS-314800,Churn,Long-tail
CUS-1301500,Retained,Semi-Enterprise
CUS-1569850,Onboarding,Enterprise
CUS-361700,Churn,Long-tail
CUS-561800,Churn,Long-tail
CUS-1500050,Retained,Long-tail
CUS-1476900,Retained,Long-tail
CUS-1541350,Onboarding,Enterprise
CUS-1519500,Onboarding,Long-tail
CUS-1486500,Onboarding,Long-tail
CUS-1486550,Onboarding,Long-tail
CUS-1457250,Retained,Long-tail
CUS-5607000,Retained,Long-tail
CUS-151800,Churn,Long-tail
CUS-1494250,Retained,Semi-Enterprise
CUS-1554900,Retained,Semi-Enterprise
CUS-153750,Retained,Enterprise
CUS-1509650,Retained,Enterprise
CUS-1507550,Onboarding,Enterprise
CUS-1543300,Onboarding,Semi-Enterprise
CUS-1559250,Retained,Enterprise
CUS-1561300,Retained,Enterprise
CUS-1545000,Onboarding,Enterprise
CUS-468500,Churn,Enterprise
CUS-1075600,Churn,Long-tail
CUS-775900,Churn,Semi-Enterprise
CUS-1460500,Retained,Long-tail
CUS-1586950,Retained,Enterprise
CUS-160400,Churn,Semi-Enterprise
CUS-966450,Churn,Long-tail
CUS-642800,Churn,Long-tail
CUS-1468650,Retained,Enterprise
CUS-1466300,Retained,Enterprise
CUS-1466350,Retained,Enterprise
CUS-1485150,Retained,Enterprise
CUS-152250,Churn,Long-tail
CUS-486200,Churn,Long-tail
CUS-352050,Churn,Long-tail
CUS-1596650,Onboarding,Long-tail
CUS-1526750,Retained,Semi-Enterprise
CUS-807000,Churn,Long-tail
CUS-1341800,Churn,Semi-Enterprise
CUS-1579750,Onboarding,Enterprise
CUS-1577800,Onboarding,Enterprise
CUS-991150,Churn,Semi-Enterprise
CUS-1449600,Churn,Long-tail
CUS-836700,Churn,Enterprise
CUS-1461850,Churn,Enterprise
CUS-530100,Retained,Semi-Enterprise
CUS-1485300,Retained,Enterprise
CUS-1469250,Retained,Long-tail
CUS-993250,Retained,Enterprise
CUS-201800,Churn,Long-tail
CUS-719100,Churn,Long-tail
CUS-311000,Churn,Long-tail
CUS-1373400,Retained,Semi-Enterprise
CUS-211950,Churn,Long-tail
CUS-1510550,Retained,Enterprise
CUS-1460600,Retained,Enterprise
CUS-1511300,Retained,Enterprise
CUS-1463600,Churn,Semi-Enterprise
CUS-418000,Churn,Enterprise
CUS-1490500,Retained,Enterprise
CUS-1360750,Churn,Semi-Enterprise
CUS-1569900,Churn,Long-tail
CUS-1455150,Churn,Enterprise
CUS-476750,Retained,Enterprise
CUS-156700,Retained,Enterprise
CUS-783350,Churn,Long-tail
CUS-1489550,Churn,Enterprise
CUS-698100,Churn,Enterprise
CUS-295100,Churn,Long-tail
CUS-1473850,Retained,Semi-Enterprise
CUS-1573600,Retained,Semi-Enterprise
CUS-763800,Churn,Long-tail
CUS-1472000,Onboarding,Enterprise
CUS-1491100,Retained,Enterprise
CUS-1449750,Churn,Long-tail
CUS-1453250,Retained,Enterprise
CUS-1481200,Churn,Semi-Enterprise
CUS-1460550,Churn,Semi-Enterprise
CUS-748200,Churn,Long-tail
CUS-1521150,Retained,Semi-Enterprise
CUS-153650,Churn,Long-tail
CUS-412550,Churn,Long-tail
CUS-665100,Churn,Enterprise
CUS-1580200,Onboarding,Semi-Enterprise
CUS-165750,Retained,Long-tail
CUS-1586550,Onboarding,Enterprise
CUS-1525250,Retained,Long-tail
CUS-1518400,Churn,Enterprise
CUS-164850,Retained,Enterprise
CUS-1585350,Retained,Semi-Enterprise
CUS-1474200,Retained,Semi-Enterprise
CUS-1580250,Onboarding,Semi-Enterprise
CUS-508750,Churn,Long-tail
CUS-190650,Churn,Long-tail
CUS-606900,Retained,Enterprise
CUS-861200,Churn,Enterprise
CUS-983600,Retained,Enterprise
CUS-1534700,Retained,Long-tail
CUS-1567200,Retained,Long-tail
CUS-1513550,Retained,Enterprise
CUS-1509750,Churn,Long-tail
CUS-1482500,Retained,Enterprise
CUS-1482550,Retained,Enterprise
CUS-1467650,Retained,Enterprise
CUS-1513650,Retained,Long-tail
CUS-1513600,Churn,Long-tail
CUS-1130700,Retained,Enterprise
CUS-1130750,Retained,Enterprise
CUS-1453200,Churn,Long-tail
CUS-1227550,Churn,Enterprise
CUS-499900,Retained,Long-tail
CUS-476600,Retained,Enterprise
CUS-428950,Churn,Long-tail
CUS-1050600,Churn,Long-tail
CUS-150700,Churn,Long-tail
CUS-708200,Churn,Long-tail
CUS-227850,Churn,Long-tail
CUS-405100,Churn,Semi-Enterprise
CUS-505050,Churn,Long-tail
CUS-1472050,Onboarding,Enterprise
CUS-452650,Churn,Long-tail
CUS-712800,Churn,Long-tail
CUS-421050,Churn,Long-tail
CUS-1444700,Retained,Enterprise
CUS-1460700,Retained,Long-tail
CUS-276400,Retained,Semi-Enterprise
CUS-1099250,Churn,Long-tail
CUS-219450,Churn,Long-tail
CUS-1499000,Retained,Enterprise
CUS-1503050,Churn,Semi-Enterprise
CUS-1542550,Retained,Enterprise
CUS-1172500,Retained,Enterprise
CUS-1469950,Retained,Semi-Enterprise
CUS-1470050,Retained,Semi-Enterprise
CUS-1517200,Churn,Long-tail
CUS-1295850,Churn,Semi-Enterprise
CUS-715900,Retained,Long-tail
CUS-1496000,Churn,Enterprise
CUS-1478850,Churn,Long-tail
CUS-5602400,Retained,Enterprise
CUS-1503000,Retained,Enterprise
CUS-785050,Churn,Long-tail
CUS-789100,Churn,Long-tail
CUS-169050,Retained,Long-tail
CUS-1445750,Retained,Enterprise
CUS-1587450,Onboarding,Enterprise
CUS-776800,Churn,Semi-Enterprise
CUS-401650,Churn,Long-tail
CUS-764500,Churn,Semi-Enterprise
CUS-1514500,Churn,Enterprise
CUS-900250,Churn,Semi-Enterprise
CUS-430100,Churn,Long-tail
CUS-463500,Retained,Enterprise
CUS-169400,Churn,Long-tail
CUS-1079950,Churn,Semi-Enterprise
CUS-156900,Churn,Long-tail
CUS-1517700,Retained,Semi-Enterprise
CUS-463600,Retained,Enterprise
CUS-1460450,Churn,Long-tail
CUS-1548400,Retained,Semi-Enterprise
CUS-1584300,Onboarding,Semi-Enterprise
CUS-198050,Churn,Long-tail
CUS-406850,Churn,Long-tail
CUS-421150,Churn,Long-tail
CUS-406900,Churn,Long-tail
CUS-421200,Churn,Long-tail
CUS-406750,Churn,Long-tail
CUS-421300,Churn,Long-tail
CUS-227250,Churn,Long-tail
CUS-160050,Churn,Long-tail
CUS-1459100,Retained,Enterprise
CUS-1498000,Churn,Enterprise
CUS-1493300,Retained,Enterprise
CUS-840750,Churn,Long-tail
CUS-631850,Retained,Semi-Enterprise
CUS-1574450,Churn,Enterprise
CUS-1449400,Retained,Enterprise
CUS-1501000,Churn,Semi-Enterprise
CUS-1469350,Churn,Long-tail
CUS-379050,Churn,Long-tail
CUS-671450,Retained,Enterprise
CUS-172100,Retained,Enterprise
CUS-1481000,Onboarding,Semi-Enterprise
CUS-1512550,Retained,Long-tail
CUS-166750,Retained,Long-tail
CUS-363150,Churn,Long-tail
CUS-1496550,Retained,Enterprise
CUS-1586750,Retained,Enterprise
CUS-169450,Churn,Long-tail
CUS-198900,Churn,Long-tail
CUS-237450,Churn,Long-tail
CUS-1528100,Retained,Enterprise
CUS-459950,Churn,Semi-Enterprise
CUS-726500,Churn,Long-tail
CUS-227350,Churn,Long-tail
CUS-153200,Churn,Long-tail
CUS-1493550,Retained,Enterprise
CUS-390000,Churn,Long-tail
CUS-362600,Churn,Long-tail
CUS-615000,Retained,Enterprise
CUS-746450,Churn,Long-tail
CUS-1514000,Retained,Long-tail
CUS-337850,Churn,Long-tail
CUS-1489800,Retained,Semi-Enterprise
CUS-1478500,Retained,Enterprise
CUS-1523000,Onboarding,Enterprise
CUS-1245900,Churn,Long-tail
CUS-244700,Churn,Long-tail
CUS-268450,Churn,Enterprise
CUS-161950,Churn,Enterprise
CUS-161900,Churn,Enterprise
CUS-240800,Churn,Enterprise
CUS-259250,Churn,Enterprise
CUS-1529250,Retained,Long-tail
CUS-1445800,Churn,Semi-Enterprise
CUS-1549250,Onboarding,Enterprise
CUS-1509850,Retained,Enterprise
CUS-1542150,Retained,Enterprise
CUS-332800,Churn,Long-tail
CUS-1052200,Churn,Enterprise
CUS-168000,Churn,Enterprise
CUS-237650,Churn,Long-tail
CUS-729600,Churn,Long-tail
CUS-1242200,Retained,Semi-Enterprise
CUS-732000,Churn,Long-tail
CUS-1538550,Onboarding,Enterprise
CUS-1455300,Retained,Enterprise
CUS-1496950,Churn,Enterprise
CUS-174300,Churn,Long-tail
CUS-1437300,Retained,Enterprise
CUS-1527250,Retained,Enterprise
CUS-1601650,Onboarding,Enterprise
CUS-268150,Churn,Long-tail
CUS-1587350,Onboarding,Semi-Enterprise
CUS-158050,Churn,Enterprise
CUS-1304000,Churn,Long-tail
CUS-1525300,Retained,Enterprise
CUS-263000,Churn,Long-tail
CUS-289850,Retained,Enterprise
CUS-746200,Churn,Long-tail
CUS-916650,Retained,Enterprise
CUS-815850,Churn,Enterprise
CUS-1280600,Retained,Enterprise
CUS-1607750,Retained,Enterprise
CUS-1486100,Churn,Semi-Enterprise
CUS-1464000,Retained,Semi-Enterprise
CUS-477800,Churn,Enterprise
CUS-1453900,Retained,Enterprise
CUS-1585300,Onboarding,Enterprise
CUS-1472150,Onboarding,Enterprise
CUS-535000,Churn,Semi-Enterprise
CUS-1541850,Retained,Enterprise
CUS-1451200,Retained,Enterprise
CUS-1597700,Onboarding,Enterprise
CUS-1446850,Churn,
CUS-1476750,Retained,Enterprise
CUS-203250,Retained,Enterprise
CUS-1557350,Onboarding,Enterprise
CUS-1566350,Onboarding,Enterprise
CUS-1539150,Retained,Long-tail
CUS-152850,Churn,Long-tail
CUS-169000,Churn,Long-tail
CUS-573700,Churn,Long-tail
CUS-531350,Churn,Enterprise
CUS-1507700,Churn,Enterprise
CUS-1510250,Onboarding,Enterprise
CUS-1551800,Retained,Enterprise
CUS-1586250,Onboarding,Enterprise
CUS-1492800,Retained,Semi-Enterprise
CUS-1384400,Retained,Enterprise
CUS-158100,Churn,Enterprise
CUS-1105850,Churn,Long-tail
CUS-1484000,Retained,Semi-Enterprise
CUS-1513800,Churn,Semi-Enterprise
CUS-1607500,Onboarding,Long-tail
CUS-990850,Churn,Long-tail
CUS-338550,Churn,Long-tail
CUS-459100,Churn,Long-tail
CUS-1478600,Churn,Enterprise
CUS-205950,Churn,Long-tail
CUS-394200,Retained,Enterprise
CUS-580650,Onboarding,Semi-Enterprise
CUS-626250,Retained,Enterprise
CUS-590150,Retained,Semi-Enterprise
CUS-1489000,Retained,Enterprise
CUS-617450,Retained,Semi-Enterprise
CUS-608250,Retained,Enterprise
CUS-480100,Onboarding,Enterprise
CUS-714500,Retained,Enterprise
CUS-1517900,Retained,Enterprise
CUS-1520600,Retained,Long-tail
CUS-1488400,Churn,Enterprise
CUS-1492950,Retained,Enterprise
CUS-1607550,Onboarding,Long-tail
CUS-676000,Churn,Long-tail
CUS-414350,Churn,Long-tail
CUS-1456700,Churn,Enterprise
CUS-687150,Churn,Long-tail
CUS-211150,Churn,Long-tail
CUS-1518650,Onboarding,Semi-Enterprise
CUS-1559800,Onboarding,Semi-Enterprise
CUS-552750,Churn,Long-tail
CUS-957750,Churn,Enterprise
CUS-266200,Retained,Long-tail
CUS-949800,Retained,Semi-Enterprise
CUS-152000,Churn,Enterprise
CUS-1468400,Churn,Long-tail
CUS-1469600,Churn,Long-tail
CUS-152350,Churn,Long-tail
CUS-175750,Churn,Long-tail
CUS-1496600,Retained,Enterprise
CUS-154200,Churn,Long-tail
CUS-609800,Churn,Long-tail
CUS-152750,Churn,Long-tail
CUS-1500800,Retained,Semi-Enterprise
CUS-1497200,Churn,Semi-Enterprise
CUS-1498250,Churn,Long-tail
CUS-1514800,Churn,Long-tail
CUS-1496650,Churn,Semi-Enterprise
CUS-517600,Retained,Long-tail
CUS-1470400,Onboarding,Enterprise
CUS-519200,Churn,Long-tail
CUS-351050,Onboarding,Semi-Enterprise
CUS-1582450,Onboarding,Long-tail
CUS-1542300,Retained,Long-tail
CUS-1241050,Churn,Long-tail
CUS-1562700,Onboarding,Enterprise
CUS-1099500,Churn,Semi-Enterprise
CUS-1458250,Churn,Semi-Enterprise
CUS-158000,Churn,Long-tail
CUS-1508150,Churn,Semi-Enterprise
CUS-1481150,Churn,Semi-Enterprise
CUS-237550,Churn,Long-tail
CUS-1566750,Onboarding,Enterprise
CUS-566500,Churn,Long-tail
CUS-1607800,Retained,Enterprise
CUS-1531550,Retained,Enterprise
CUS-1051750,Retained,Semi-Enterprise
CUS-830700,Retained,Long-tail
CUS-833950,Retained,Semi-Enterprise
CUS-1216050,Churn,Semi-Enterprise
CUS-169300,Churn,Long-tail
CUS-1463400,Churn,Enterprise
CUS-1488450,Churn,Enterprise
CUS-1495800,Churn,Semi-Enterprise
CUS-153700,Churn,Enterprise
CUS-169200,Churn,Semi-Enterprise
CUS-232800,Churn,Long-tail
CUS-159500,Churn,Long-tail
CUS-559400,Churn,Long-tail
CUS-783450,Retained,Long-tail
CUS-1536550,Onboarding,Enterprise
CUS-1500500,Retained,Semi-Enterprise
CUS-5604350,Onboarding,Semi-Enterprise
CUS-993300,Churn,Enterprise
CUS-230750,Churn,Enterprise
CUS-1499600,Retained,Enterprise
CUS-1594350,Retained,Enterprise
CUS-1452500,Churn,Semi-Enterprise
